{"cameraMode":{"drawMode":0,"name":"Shaded","section":"Shading Mode"},"sceneLighting":false,"audioPlay":false,"sceneViewState":{"showFog":true,"showMaterialUpdate":false,"showSkybox":true,"showFlares":true,"showImageEffects":true,"showParticleSystems":true},"in2DMode":false,"pivot":{"x":-2.645704746246338,"y":-2.1149604320526125,"z":-3.184513568878174},"rotation":{"x":-0.001189131406135857,"y":0.04888678342103958,"z":0.000057816992921289057,"w":0.9988036155700684},"size":2.3566715717315676,"orthographic":false}